[
{"Brand": "Vivo", "Model": "Vivo Y50 (Pearl White, 8GB RAM, 128GB Storage)", "stars": "1.0 out of 5 stars", "comment": "\n\n\n\n\n\n\n\n\n\n  \n  \n    \n  SERIOUSLY????18k and yet sd 665 processor. This is where it failed.\n\n  \n"},
{"Brand": "Vivo", "Model": "Vivo Y50 (Pearl White, 8GB RAM, 128GB Storage)", "stars": "1.0 out of 5 stars", "comment": "\n\n\n\n\n\n\n\n\n\n  \n  \n    \n  665 chipset and 13mp camera in the price of 18000/- trying to make us fool, not more than 8000\u20b9 phone, check the price of vivoz1 pro\n\n  \n"},
{"Brand": "Vivo", "Model": "Vivo Y50 (Pearl White, 8GB RAM, 128GB Storage)", "stars": "5.0 out of 5 stars", "comment": "\n\n\n\n\n\n\n\n\n\n  \n  \n    \n  Snapdragon 655 has higher performance rating than Snapdragon 720g in verse.com reviews. Don't know what reviews and versions people are talking about...5000mah battery, 8GB ram, quad cam with wide angle and macro, for this price , this is pretty neat phone.\n\n  \n"},
{"Brand": "Vivo", "Model": "Vivo Y50 (Pearl White, 8GB RAM, 128GB Storage)", "stars": "5.0 out of 5 stars", "comment": "\n\n\n\n\n\n\n\n\n\n  \n  \n    \n  Fully satisfied with the product, smooth functioning and lookwise very smart.The most beautiful thing is sensor on the back side.\n\n  \n"},
{"Brand": "Vivo", "Model": "Vivo Y50 (Pearl White, 8GB RAM, 128GB Storage)", "stars": "1.0 out of 5 stars", "comment": "\n\n\n\n\n\n\n\n\n\n  \n  \n    \n  Amazon should give option to give less than 1 star.This phone is coming with very old processor Snapdragon 665. It is better to go with Samsung exynos  or Xiaomi 8 pro or 9 pro.So please please buyers don't waste your money on this useless phone.\n\n  \n"},
{"Brand": "Vivo", "Model": "Vivo Y50 (Pearl White, 8GB RAM, 128GB Storage)", "stars": "5.0 out of 5 stars", "comment": "\n\n\n\n\n\n\n\n\n\n  \n  \n    \n  \u00a0Very good camera quality, display is a very big and colour is very beautiful\n\n  \n"},
{"Brand": "Vivo", "Model": "Vivo Y50 (Pearl White, 8GB RAM, 128GB Storage)", "stars": "2.0 out of 5 stars", "comment": "\n\n\n\n\n\n\n\n\n\n  \n  \n    \n  Battery rating -2Camera rating-0Performance-3Overall 2 starNever buy this phone. The worst camera this phone has..\n\n  \n"},
{"Brand": "Vivo", "Model": "Vivo Y50 (Pearl White, 8GB RAM, 128GB Storage)", "stars": "1.0 out of 5 stars", "comment": "\n\n\n\n\n\n\n\n\n\n  \n  \n    \n  Very bad .within 5 days phone gone out of repair.Today 03/07/2020 I lost my trust regards Amazon towards electronic s.very very bad Amazon.spend money and giving impropriate item.its a cheating\n\n  \n"},
{"Brand": "Vivo", "Model": "Vivo Y50 (Pearl White, 8GB RAM, 128GB Storage)", "stars": "4.0 out of 5 stars", "comment": "\n\n\n\n\n\n\n\n\n\n  \n  \n    \n  Charging disappointed\n\n  \n"},
{"Brand": "Vivo", "Model": "Vivo Y50 (Pearl White, 8GB RAM, 128GB Storage)", "stars": "3.0 out of 5 stars", "comment": "\n\n\n\n\n\n\n\n\n\n  \n  \n    \n  I NVR thought a phone with 8 gb ram and 128gb rom will hang,especially Google Chrome ...whtsapp chess dream11 r the only apps which I use but still it works like 5000rs phone...its functions r so typical,it's not handy to use,heavy wight,with too large screen,,don't waste money on this Phone\n\n  \n"}
]