[
{"Brand": "OPPO", "Model": "OPPO A5S (Black, 3GB RAM, 32GB Storage)", "stars": "5.0 out of 5 stars", "comment": "\n\n\n\n\n\n\n\n\n\n  \n  \n    \n  It's a great phone im buy last 2 weaks ago oppo f9pro same all features on oppo a5s their is no change in this phone both are same of all features and battery backup is coming upto 2 days of once full charge with using mobile data display is asumne like oppo f9pro and for the cost its a superb phone to buy no hang problem in 2gb ram games is runing smoth with oppo game space its super thanks for the oppo and the seller for this great phone\n\n  \n"},
{"Brand": "OPPO", "Model": "OPPO A5S (Black, 3GB RAM, 32GB Storage)", "stars": "5.0 out of 5 stars", "comment": "\n\n\n\n\n\n\n\n\n\n  \n  \n    \n  Overall awesome phone.\n\n  \n"},
{"Brand": "OPPO", "Model": "OPPO A5S (Black, 3GB RAM, 32GB Storage)", "stars": "5.0 out of 5 stars", "comment": "\n\n\n\n\n\n\n\n\n\n  \n  \n    \n  Awesome products . No laging in playing pubg too. Value for money phone. I. Like design of the phone, processer is good\n\n  \n"},
{"Brand": "OPPO", "Model": "OPPO A5S (Black, 3GB RAM, 32GB Storage)", "stars": "2.0 out of 5 stars", "comment": "\n\n\n\n\n\n\n\n\n\n  \n  \n    \n  Guys here m talking about pros n cros of A5s.Cros:1. 3gb ram 32gbmemory2. 8MP &13+2 MP front and rear camera. Which is really disgusting.No clearity as well as quality. Rather u can go some other brand at this price.3. Only one side speaker is given.4.No earphonesPros:1. Great battery.2. Fast charging3. Great size4. Smart featuresIdle for first time smart phone user.\n\n  \n"},
{"Brand": "OPPO", "Model": "OPPO A5S (Black, 3GB RAM, 32GB Storage)", "stars": "3.0 out of 5 stars", "comment": "\n\n\n\n\n\n\n\n\n\n  \n  \n    \n  Pros:Camera is quiet good.Cons:RAM management is quiet bad.Phone hangs a lot even if u have 3 apps running in the background.Never go for this phone.\n\n  \n"},
{"Brand": "OPPO", "Model": "OPPO A5S (Black, 3GB RAM, 32GB Storage)", "stars": "5.0 out of 5 stars", "comment": "\n\n\n\n\n\n\n\n\n\n  \n  \n    \n  Very gud phone fast phone and gud colour price gud Amazon\n\n  \n"},
{"Brand": "OPPO", "Model": "OPPO A5S (Black, 3GB RAM, 32GB Storage)", "stars": "1.0 out of 5 stars", "comment": "\n\n\n\n\n\n\n\n\n\n  \n  \n    \n  Box doesn't contain headphones\n\n  \n"},
{"Brand": "OPPO", "Model": "OPPO A5S (Black, 3GB RAM, 32GB Storage)", "stars": "3.0 out of 5 stars", "comment": "\n\n\n\n\n\n\n\n\n\n  \n  \n    \n  No headphones inside\n\n  \n"},
{"Brand": "OPPO", "Model": "OPPO A5S (Black, 3GB RAM, 32GB Storage)", "stars": "5.0 out of 5 stars", "comment": "\n\n\n\n\n\n\n\n\n\n  \n  \n    \n  Super work mobile\n\n  \n"},
{"Brand": "OPPO", "Model": "OPPO A5S (Black, 3GB RAM, 32GB Storage)", "stars": "5.0 out of 5 stars", "comment": "\n\n\n\n\n\n\n\n\n\n  \n  \n    \n  This is an awesome phone from oppo at rs10000 i love this phone very impressive features are given by oppoNice camera we can take superb photos . fingers print face id is available in this oppo a5s.its really awesome phone \ud83d\ude0d\ud83d\ude0d\ud83d\ude0d\ud83d\ude0d\ud83d\ude0d\n\n  \n"}
]