[
{"Brand": "Vivo", "Model": "Vivo Y91i (Ocean Blue, 2GB RAM, 32GB Storage)", "stars": "4.0 out of 5 stars", "comment": "\n\n\n\n\n\n\n\n\n\n  \n  \n    \n  Phone looks absolutely top class. Will update this review after 7days of use.Should have fingerprint sensor.\n\n  \n"},
{"Brand": "Vivo", "Model": "Vivo Y91i (Ocean Blue, 2GB RAM, 32GB Storage)", "stars": "4.0 out of 5 stars", "comment": "\n\n\n\n\n\n\n\n\n\n  \n  \n    \n  Nice Smartphone In a Short budget....\n\n  \n"},
{"Brand": "Vivo", "Model": "Vivo Y91i (Ocean Blue, 2GB RAM, 32GB Storage)", "stars": "4.0 out of 5 stars", "comment": "\n\n\n\n\n\n\n\n\n\n  \n  \n    \n  Vivo mobile battery life is very good rear camera is very good\n\n  \n"},
{"Brand": "Vivo", "Model": "Vivo Y91i (Ocean Blue, 2GB RAM, 32GB Storage)", "stars": "5.0 out of 5 stars", "comment": "\n\n\n\n\n\n\n\n\n\n  \n  \n    \n  This handset is awesome look.Nice product in low budgetBattery backup is to strong\n\n  \n"},
{"Brand": "Vivo", "Model": "Vivo Y91i (Ocean Blue, 2GB RAM, 32GB Storage)", "stars": "1.0 out of 5 stars", "comment": "\n\n\n\n\n\n\n\n\n\n  \n  \n    \n  Charging very slowAnd draining very fast like 2500 mah bttryBuy for who don't use much\n\n  \n"},
{"Brand": "Vivo", "Model": "Vivo Y91i (Ocean Blue, 2GB RAM, 32GB Storage)", "stars": "5.0 out of 5 stars", "comment": "\n\n\n\n\n\n\n\n\n\n  \n  \n    \n  I purchased Vivo 91 i recently and fully satisfied with its feature and price. Delivery person was very polite and Delivery service was within 2 days.\n\n  \n"},
{"Brand": "Vivo", "Model": "Vivo Y91i (Ocean Blue, 2GB RAM, 32GB Storage)", "stars": "4.0 out of 5 stars", "comment": "\n\n\n\n\n\n\n\n\n\n  \n  \n    \n  Phone is good, but why my call waiting is not working..any body else faced this ?\n\n  \n"},
{"Brand": "Vivo", "Model": "Vivo Y91i (Ocean Blue, 2GB RAM, 32GB Storage)", "stars": "2.0 out of 5 stars", "comment": "\n\n\n\n\n\n\n\n\n\n  \n  \n    \n  Lack of changing indicator is a major drawback in the Mobile.\n\n  \n"},
{"Brand": "Vivo", "Model": "Vivo Y91i (Ocean Blue, 2GB RAM, 32GB Storage)", "stars": "4.0 out of 5 stars", "comment": "\n\n\n\n\n\n\n\n\n\n  \n  \n    \n  Product is good but rear camera quality is not like 13mp and its size also is not 6''22 inch but overall product is good so only 4 star\n\n  \n"},
{"Brand": "Vivo", "Model": "Vivo Y91i (Ocean Blue, 2GB RAM, 32GB Storage)", "stars": "1.0 out of 5 stars", "comment": "\n\n\n\n\n\n\n\n\n\n  \n  \n    \n  I had a very bad experience with dis mobile... I bought this on September 15th 2019.. n today the mble stopped working ..is not even getting on.. when I went to service center they are asking for bill which will come to my mail.. bt I dint received any mail from Amazon for making payment n the servoy center ppl are not accepting to replace the mobile until or unless I gv the bill papers.. I paid through phone pay app.. so wt z the resolution fr this..???? I really trust Amazon bt now totally lost\n\n  \n"}
]