[
{"Brand": "MI", "Model": "MI Poco M2 Pro (Green and Greener, 6GB RAM, 64GB Storage)", "stars": "5.0 out of 5 stars", "comment": "\n\n\n\n\n\n\n\n\n\n  \n  \n    \n  Super performance.but it was power off while using without any reason. I n thinking about to replace only for that issue.\n\n  \n"},
{"Brand": "MI", "Model": "MI Poco M2 Pro (Green and Greener, 6GB RAM, 64GB Storage)", "stars": "3.0 out of 5 stars", "comment": "\n\n\n\n\n\n\n\n\n\n  \n  \n    \n  Very Good Phone under this budget.5k +mAh batteryDelivery Delayed as because of Covid\n\n  \n"},
{"Brand": "MI", "Model": "MI Poco M2 Pro (Green and Greener, 6GB RAM, 64GB Storage)", "stars": "4.0 out of 5 stars", "comment": "\n\n\n\n\n\n\n\n\n\n  \n  \n    \n  The phone arrived today.There is a considerable amount of bloatware - MI apps/junk.The build quality is medium - mostly plastic.The camera is also not bad but it blurs and does applies beautify filters, which I am sure I don't like, have to turn this off, or the pictures look unnatural.The display seems to be crisp enough, and the phone itself is pretty snappy (right now).Call quality is crisp, I don't have VoLTE in my locality though.The Green and Greener look is nice.The phone charges really fast.Like I mentioned earlier, the phone arrived today, so I am not sure how the phone will age.There are other good phones in this category that offer very much the same, for instance the Moto One Power, which would definitely have less bloatware.Overall, considering this is a phone that will be used moderately - It is not bad.Except for the bloatware!\n\n  \n"},
{"Brand": "MI", "Model": "MI Poco M2 Pro (Green and Greener, 6GB RAM, 64GB Storage)", "stars": "5.0 out of 5 stars", "comment": "\n\n\n\n\n\n\n\n\n\n  \n  \n    \n  Best phone under 1600\n\n  \n"},
{"Brand": "MI", "Model": "MI Poco M2 Pro (Green and Greener, 6GB RAM, 64GB Storage)", "stars": "5.0 out of 5 stars", "comment": "\n\n\n\n\n\n\n\n\n\n  \n  \n    \n  Super\n\n  \n"},
{"Brand": "MI", "Model": "MI Poco M2 Pro (Green and Greener, 6GB RAM, 64GB Storage)", "stars": "3.0 out of 5 stars", "comment": "\n\n\n\n\n\n\n\n\n\n  \n  \n    \n  Like\n\n  \n"},
{"Brand": "MI", "Model": "MI Poco M2 Pro (Green and Greener, 6GB RAM, 64GB Storage)", "stars": "4.0 out of 5 stars", "comment": "\n\n\n\n\n\n\n\n\n\n  \n  \n    \n  Worderful phone with incredible specification I really like it specially in this price range I loved it very much this phone\n\n  \n"},
{"Brand": "MI", "Model": "MI Poco M2 Pro (Green and Greener, 6GB RAM, 64GB Storage)", "stars": "5.0 out of 5 stars", "comment": "\n\n\n\n\n\n\n\n\n\n  \n  \n    \n  Good build qualitySharp displayPowerful processorSolid battery lifeDecent daylight camera performanceFast \u26a1 chargingNo heating issue\n\n  \n"},
{"Brand": "MI", "Model": "MI Poco M2 Pro (Green and Greener, 6GB RAM, 64GB Storage)", "stars": "5.0 out of 5 stars", "comment": "\n\n\n\n\n\n\n\n\n\n  \n  \n    \n  Very nice phone camera superbA very good budget smart phoneWith pinch hole camera sight mounted fingers print sensor\n\n  \n"},
{"Brand": "MI", "Model": "MI Poco M2 Pro (Green and Greener, 6GB RAM, 64GB Storage)", "stars": "5.0 out of 5 stars", "comment": "\n\n\n\n\n\n\n\n\n\n  \n  \n    \n  Very superb and nice mobile It has better than redmi note 9 pro and galaxy m11 very nice mobile .\n\n  \n"}
]