[
{"Brand": "MI", "Model": "Mi Redmi Note 7S Smartphone (Onyx Black, 32 GB, 3 GB RAM)", "stars": "5.0 out of 5 stars", "comment": "\n\n\n\n\n\n\n\n\n\n  \n  \n    \n  Best budget phone\n\n  \n"},
{"Brand": "MI", "Model": "Mi Redmi Note 7S Smartphone (Onyx Black, 32 GB, 3 GB RAM)", "stars": "1.0 out of 5 stars", "comment": "\n\n\n\n\n\n\n\n\n\n  \n  \n    \n  Mobile hanging\n\n  \n"},
{"Brand": "MI", "Model": "Mi Redmi Note 7S Smartphone (Onyx Black, 32 GB, 3 GB RAM)", "stars": "2.0 out of 5 stars", "comment": "\n\n\n\n\n\n\n\n\n\n  \n  \n    \n  dont buy this phone . betry performnc is very bad. there is 4000mah bettry in this phone but just for name . works like a 2000mah bettry\n\n  \n"},
{"Brand": "MI", "Model": "Mi Redmi Note 7S Smartphone (Onyx Black, 32 GB, 3 GB RAM)", "stars": "2.0 out of 5 stars", "comment": "\n\n\n\n\n\n\n\n\n\n  \n  \n    \n  I have not receive accessories kit as mentioned in combo offer.Where is 1 earphone, aux cable, otg cable and card reader as you write it in description..But you didn't send these item..\n\n  \n"},
{"Brand": "MI", "Model": "Mi Redmi Note 7S Smartphone (Onyx Black, 32 GB, 3 GB RAM)", "stars": "4.0 out of 5 stars", "comment": "\n\n\n\n\n\n\n\n\n\n  \n  \n    \n  Camera quality is superb, look is premium, battery can be improved, display is great, fingerprint scanner works nicely.Overall good phone in this price segment but not hardcore gaming phone besides I'm using 3gb ram variant maybe that could be another factor.I play PUBG mobile on low graphic settings so battery last long.\n\n  \n"},
{"Brand": "MI", "Model": "Mi Redmi Note 7S Smartphone (Onyx Black, 32 GB, 3 GB RAM)", "stars": "2.0 out of 5 stars", "comment": "\n\n\n\n\n\n\n\n\n\n  \n  \n    \n  Problem of phone hang,  one speaker is not working.\n\n  \n"},
{"Brand": "MI", "Model": "Mi Redmi Note 7S Smartphone (Onyx Black, 32 GB, 3 GB RAM)", "stars": "2.0 out of 5 stars", "comment": "\n\n\n\n\n\n\n\n\n\n  \n  \n    \n  It was committed to deliver accessories along with mobile, resulting in extra payment in comparison to other sites..But we have not received any accessories, need a refund for that.. arrange a call back.\n\n  \n"},
{"Brand": "MI", "Model": "Mi Redmi Note 7S Smartphone (Onyx Black, 32 GB, 3 GB RAM)", "stars": "5.0 out of 5 stars", "comment": "\n\n\n\n\n\n\n\n\n\n  \n  \n    \n  Camera...owesomeBaittary...mindblowingSound output...very niceConectivity....yes..okkkI love it...using from 15 days\n\n  \n"},
{"Brand": "MI", "Model": "Mi Redmi Note 7S Smartphone (Onyx Black, 32 GB, 3 GB RAM)", "stars": "5.0 out of 5 stars", "comment": "\n\n\n\n\n\n\n\n\n\n  \n  \n    \n  Great device works best\n\n  \n"},
{"Brand": "MI", "Model": "Mi Redmi Note 7S Smartphone (Onyx Black, 32 GB, 3 GB RAM)", "stars": "1.0 out of 5 stars", "comment": "\n\n\n\n\n\n\n\n\n\n  \n  \n    \n  This phone hangs within 2 days and if we call in this phone it does not show the call interface and the processing of this phone is very slow\n\n  \n"}
]