[
{"Brand": "MI", "Model": "MI Poco M2 (Slate Blue, 6GB RAM, 64GB Storage)", "stars": "1.0 out of 5 stars", "comment": "\n\n\n\n\n\n\n\n\n\n  \n  \n    \n  Mobile performance is not upto the Mark.. Out side 10,500 rs.. For 6GB Ram with 64 GB internal Memory\n\n  \n"},
{"Brand": "MI", "Model": "MI Poco M2 (Slate Blue, 6GB RAM, 64GB Storage)", "stars": "3.0 out of 5 stars", "comment": "\n\n\n\n\n\n\n\n\n\n  \n  \n    \n  Tuch problem\n\n  \n"},
{"Brand": "MI", "Model": "MI Poco M2 (Slate Blue, 6GB RAM, 64GB Storage)", "stars": "2.0 out of 5 stars", "comment": "\n\n\n\n\n\n\n\n\n\n  \n  \n    \n  Is it good phone for playing games like free fire and pubg mobile.Does it have a good battery lifes in it\n\n  \n"},
{"Brand": "MI", "Model": "MI Poco M2 (Slate Blue, 6GB RAM, 64GB Storage)", "stars": "1.0 out of 5 stars", "comment": "\n\n\n\n\n\n\n\n\n\n  \n  \n    \n  I got an old piece, which was sold by flipcart in last month. Now I got the same.\n\n  \n"},
{"Brand": "MI", "Model": "MI Poco M2 (Slate Blue, 6GB RAM, 64GB Storage)", "stars": "4.0 out of 5 stars", "comment": "\n\n\n\n\n\n\n\n\n\n  \n  \n    \n  Good phoneVelue for mony Filip cart is better than AmazonFilip cart price to look compair AmazonSo I sagest by to f cart\n\n  \n"},
{"Brand": "MI", "Model": "MI Poco M2 (Slate Blue, 6GB RAM, 64GB Storage)", "stars": "5.0 out of 5 stars", "comment": "\n\n\n\n\n\n\n\n\n\n  \n  \n    \n  i love it \ud83d\ude0dThis product is very good and i love my first choice ..thank you soo much Redmi &\n\n  \n"}
]