[
{"Brand": "Vivo", "Model": "Vivo S1 Pro (Jazzy Blue, 8GB RAM, 128GB Storage)", "stars": "1.0 out of 5 stars", "comment": "\n\n\n\n\n\n\n\n\n\n  \n  \n    \n  Worst product. Never buy. Slippery  nature, not fiiting proper in hand. Simply Amazon forcing the customer to use it instead of return or replacement. Don't buy online unless u physically see the demo or physical touch of product. Website display is more of graphics.Worst product features.\n\n  \n"},
{"Brand": "Vivo", "Model": "Vivo S1 Pro (Jazzy Blue, 8GB RAM, 128GB Storage)", "stars": "4.0 out of 5 stars", "comment": "\n\n\n\n\n\n\n\n\n\n  \n  \n    \n  Nice phone camera super super fast\n\n  \n"},
{"Brand": "Vivo", "Model": "Vivo S1 Pro (Jazzy Blue, 8GB RAM, 128GB Storage)", "stars": "1.0 out of 5 stars", "comment": "\n\n\n\n\n\n\n\n\n\n  \n  \n    \n  Very high price...........well done MI\n\n  \n"},
{"Brand": "Vivo", "Model": "Vivo S1 Pro (Jazzy Blue, 8GB RAM, 128GB Storage)", "stars": "5.0 out of 5 stars", "comment": "\n\n\n\n\n\n\n\n\n\n  \n  \n    \n  Superb cameraBattery backup awesomeNice perfomance\n\n  \n"},
{"Brand": "Vivo", "Model": "Vivo S1 Pro (Jazzy Blue, 8GB RAM, 128GB Storage)", "stars": "4.0 out of 5 stars", "comment": "\n\n\n\n\n\n\n\n\n\n  \n  \n    \n  I like each and every feature of this mobile except selfie quality\n\n  \n"},
{"Brand": "Vivo", "Model": "Vivo S1 Pro (Jazzy Blue, 8GB RAM, 128GB Storage)", "stars": "3.0 out of 5 stars", "comment": "\n\n\n\n\n\n\n\n\n\n  \n  \n    \n  Got the phone yesterday,functioning is good but I am not able to access the front camera as it's showing another camera is broken can not switch.\n\n  \n"},
{"Brand": "Vivo", "Model": "Vivo S1 Pro (Jazzy Blue, 8GB RAM, 128GB Storage)", "stars": "1.0 out of 5 stars", "comment": "\n\n\n\n\n\n\n\n\n\n  \n  \n    \n  Camera quality is not adequate as per expected. It's like 5 mp camera\n\n  \n"},
{"Brand": "Vivo", "Model": "Vivo S1 Pro (Jazzy Blue, 8GB RAM, 128GB Storage)", "stars": "4.0 out of 5 stars", "comment": "\n\n\n\n\n\n\n\n\n\n  \n  \n    \n  In this phone Battery performance  is ok good camera also not as aspected. ButWow!! I what a picCamera quality improve after update.\n\n  \n"},
{"Brand": "Vivo", "Model": "Vivo S1 Pro (Jazzy Blue, 8GB RAM, 128GB Storage)", "stars": "1.0 out of 5 stars", "comment": "\n\n\n\n\n\n\n\n\n\n  \n  \n    \n  Worest mobile ...don't by it friends .I got one month back this mobile .. battery backup 0 only camera good\n\n  \n"},
{"Brand": "Vivo", "Model": "Vivo S1 Pro (Jazzy Blue, 8GB RAM, 128GB Storage)", "stars": "4.0 out of 5 stars", "comment": "\n\n\n\n\n\n\n\n\n\n  \n  \n    \n  It's about awesomeness \ud83d\ude2c\ud83d\ude01\ud83d\ude0a\n\n  \n"}
]