[
{"Brand": "OPPO", "Model": "OPPO A5 2020 (Mirror Black, 4GB RAM, 128GB Storage)", "stars": "5.0 out of 5 stars", "comment": "\n\n\n\n\n\n\n\n\n\n  \n  \n    \n  Brought this phone for my wife who is die hard fan for oppo...Offer like 2000 extra off on exchange with Oppo is just like waww....So after exchange of her old oppo mobile I got this phone for just Rs.6800.... Best phone if u want oppo brand name and u are boared to ur old oppo phone... So this review is considering 6800 cost...Pros.1) good features considering cost 6800.2) Size matters 6.5 inch grt3) Speakers are good Dolby4) Comes with classic headphones with good looks and decent sound quality... No other phones now a days comes with headphones...5) Quad camera gives good quality photos...6) Selfie camera is also decent considering cost 68007) 5000mAh battery8) can be use as power bank for other phonesCons:1) Original cost 13990 is huge considering features...Other good brands like MI, VIVO, MOTO, etc sells 48MP camera phones for 12000 and so...2) Accessories like back cover, tempered glass are yet not in market... May be u have to wait for them...Though 1 transparent back cover is included in Mobile Box...This is all about this phone after 24hrs use....I will update if something comes...\n\n  \n"},
{"Brand": "OPPO", "Model": "OPPO A5 2020 (Mirror Black, 4GB RAM, 128GB Storage)", "stars": "5.0 out of 5 stars", "comment": "\n\n\n\n\n\n\n\n\n\n  \n  \n    \n  Best option for exchange, I got it in 9k ,Review score (out of 5)Design : 4.5 (finger print scanner position is bit high), other things like screen size, corners,back panel, camera position are perfect and it's light weight too...Sounds quality : 5/5 (unexpected, dual side stereo and Dolby is awesome, loudness, clarity and effects are far better then any other phone i.e. mi 7 pro, Lenovo, Samsung or honor)Photography : it's similar to other available options in market, day light as usual is very clear and crisp, didn't get time for more night photography, but few repetitive uploaded pics are in night mode with very minimal light which are good.Battery backup : best in this category (10% ~ 3 hours of heavy uses) , for heavy uses 30hours for normal uses it ll go up to 2 days.Performance : not played many games but seems good, while opening any game auto memory cleaner will run,lag and heat issue is not there (checked continuously 1.5 hours)Memory space : 46 GB free space, all basic apps are pre installed, separate as card slot is available (apart from 2 SIM slot), 1.86 GB ram available after all updation, while playing any game also 900 to 1 GB space is availablePros : apart from above mentioned points :1)Front cam is good like other similar phone (mi, real me, honor, Samsung)2) earphones quality/look is very good in this range.3) dual speaker position is in front top of display and near to charging pin, so stereo comes properly4)face detection is fast5)no heating issue while charging /YouTube /gaming6) battery is lasting for more than 4 days on normal usesCons:1) fingerprint scanner position is bit high2) ram 6 GB would have a perfect option3) macro photos are not that good compare to redmi 7 pro4) no fast charger with pack\n\n  \n"},
{"Brand": "OPPO", "Model": "OPPO A5 2020 (Mirror Black, 4GB RAM, 128GB Storage)", "stars": "5.0 out of 5 stars", "comment": "\n\n\n\n\n\n\n\n\n\n  \n  \n    \n  Good Phone With Exchange\n\n  \n"},
{"Brand": "OPPO", "Model": "OPPO A5 2020 (Mirror Black, 4GB RAM, 128GB Storage)", "stars": "4.0 out of 5 stars", "comment": "\n\n\n\n\n\n\n\n\n\n  \n  \n    \n  Oppo makes very nice phone at this price range about quad cameras but we have another option to select Realme smartphones which is comparatively low budget and good cameras...But this phone I like mostly in battery back up with type C charger.. and also like camera clearity because I have already attached some snaps here from my Oppo A5 2020...Overall good performance of this phone and speaker was nice sounds which is have dual atmos..Thanks Oppo\n\n  \n"},
{"Brand": "OPPO", "Model": "OPPO A5 2020 (Mirror Black, 4GB RAM, 128GB Storage)", "stars": "1.0 out of 5 stars", "comment": "\n\n\n\n\n\n\n\n\n\n  \n  \n    \n  Lowest speed ever seen in android and charger not support to battery. It will be 3 hours to take full charge\n\n  \n"},
{"Brand": "OPPO", "Model": "OPPO A5 2020 (Mirror Black, 4GB RAM, 128GB Storage)", "stars": "1.0 out of 5 stars", "comment": "\n\n\n\n\n\n\n\n\n\n  \n  \n    \n  The first thing is slow charging of this mobile taking more than 3 hours for full charging.  My friend bought the same mobile but that was 4 gb ram and 64 gb rom in which he got hand free but my mobile was 3 gb ram and 64 rom in which they are not providing hand free. Why?\n\n  \n"},
{"Brand": "OPPO", "Model": "OPPO A5 2020 (Mirror Black, 4GB RAM, 128GB Storage)", "stars": "1.0 out of 5 stars", "comment": "\n\n\n\n\n\n\n\n\n\n  \n  \n    \n  Its Camera gives pictures .. like .keypad mobile who has vga camera very poor in camera u get redish images i have never seen such worst device it often get stuck in between apps .. evn u dnt have pubg like games in ur device still it get stuck in usual apps .. it is better to buy a keypad mobile .rather than oppo a5 2020 struggled a lot with this device .. finally got returned thank god ... I truely suggest u people out there . Do not waste your money in buying this device\n\n  \n"},
{"Brand": "OPPO", "Model": "OPPO A5 2020 (Mirror Black, 4GB RAM, 128GB Storage)", "stars": "2.0 out of 5 stars", "comment": "\n\n\n\n\n\n\n\n\n\n  \n  \n    \n  Pros- Phone looks actually good  Good battery lifeCons- phone is too heavy  Camera performance not upto the  mark.Go for MI A3 if u don't want the cons\n\n  \n"},
{"Brand": "OPPO", "Model": "OPPO A5 2020 (Mirror Black, 4GB RAM, 128GB Storage)", "stars": "3.0 out of 5 stars", "comment": "\n\n\n\n\n\n\n\n\n\n  \n  \n    \n  It's a nice phone , quite heavy that might be due to it's 5000mah battery. Gaaming is awesome , camera is not upto the mark, quad camera is just locha, night mode doesn't satisfy you,And the most important thing it lacks is the LED NOTIFICATION LIGHT it's a must and seeing it's price (13k) notification light must have arranged,I bought this phone in exchange don't buy it without exchange because you can get a much better phone in this price . nest with exchange\n\n  \n"},
{"Brand": "OPPO", "Model": "OPPO A5 2020 (Mirror Black, 4GB RAM, 128GB Storage)", "stars": "4.0 out of 5 stars", "comment": "\n\n\n\n\n\n\n\n\n\n  \n  \n    \n  Nyc\n\n  \n"}
]