[
{"Brand": "OPPO", "Model": "OPPO A31 (Mystery Black, 4GB RAM, 64GB Storage)", "stars": "5.0 out of 5 stars", "comment": "\n\n\n\n\n\n\n\n\n\n  \n  \n    \n  Best Product Thnx for Amazon.in\n\n  \n"},
{"Brand": "OPPO", "Model": "OPPO A31 (Mystery Black, 4GB RAM, 64GB Storage)", "stars": "1.0 out of 5 stars", "comment": "\n\n\n\n\n\n\n\n\n\n  \n  \n    \n  I am not happy buy the mobile in amazon.Whats in the box:- Handset, Earphone, USB Cable, Sim Tray Ejecter, Pre-applied Screen Protector and Protective Case, Booklet with Warranty Card and Quick Guide\n\n  \n"},
{"Brand": "OPPO", "Model": "OPPO A31 (Mystery Black, 4GB RAM, 64GB Storage)", "stars": "5.0 out of 5 stars", "comment": "\n\n\n\n\n\n\n\n\n\n  \n  \n    \n  Very nice phone.Eye protection also there.Awesome looking.Delivered very quickly\n\n  \n"},
{"Brand": "OPPO", "Model": "OPPO A31 (Mystery Black, 4GB RAM, 64GB Storage)", "stars": "5.0 out of 5 stars", "comment": "\n\n\n\n\n\n\n\n\n\n  \n  \n    \n  Nice\n\n  \n"},
{"Brand": "OPPO", "Model": "OPPO A31 (Mystery Black, 4GB RAM, 64GB Storage)", "stars": "1.0 out of 5 stars", "comment": "\n\n\n\n\n\n\n\n\n\n  \n  \n    \n  Please don't buy this mobile. Waste of money. I buy this mobile before 20 days only. Now not working properly. Hanging problem, handset very slow. Please don't buy it\n\n  \n"},
{"Brand": "OPPO", "Model": "OPPO A31 (Mystery Black, 4GB RAM, 64GB Storage)", "stars": "3.0 out of 5 stars", "comment": "\n\n\n\n\n\n\n\n\n\n  \n  \n    \n  i have recently bought this phone..on 18 may 2020.. delivery is good but there was no headphones in a box.features r awesome nd phone is working gud.but camera quality is bit bad.\n\n  \n"},
{"Brand": "OPPO", "Model": "OPPO A31 (Mystery Black, 4GB RAM, 64GB Storage)", "stars": "4.0 out of 5 stars", "comment": "\n\n\n\n\n\n\n\n\n\n  \n  \n    \n  Nice phone value for money but in inbox there is no earphone and screen protector receive being a regular customer of Amazon i am  unhappy there was  clearly written that these items are included in inbox.\n\n  \n"},
{"Brand": "OPPO", "Model": "OPPO A31 (Mystery Black, 4GB RAM, 64GB Storage)", "stars": "1.0 out of 5 stars", "comment": "\n\n\n\n\n\n\n\n\n\n  \n  \n    \n  There is no headphone in the box... unsatisfied \ud83d\ude1f disappointed \u2639\ufe0f\n\n  \n"},
{"Brand": "OPPO", "Model": "OPPO A31 (Mystery Black, 4GB RAM, 64GB Storage)", "stars": "5.0 out of 5 stars", "comment": "\n\n\n\n\n\n\n\n\n\n  \n  \n    \n  Nice mobile prices 12,450\n\n  \n"},
{"Brand": "OPPO", "Model": "OPPO A31 (Mystery Black, 4GB RAM, 64GB Storage)", "stars": "4.0 out of 5 stars", "comment": "\n\n\n\n\n\n\n\n\n\n  \n  \n    \n  Better to value for money , quality is as per shown ..And fast delivered by amazon.\n\n  \n"}
]