[
{"Brand": "MI", "Model": "Mi Redmi 8 Phone (Sapphire Blue, 4GB RAM, 64GB Storage))", "stars": "5.0 out of 5 stars", "comment": "\n\n\n\n\n\n\n\n\n\n  \n  \n    \n  Superb\n\n  \n"},
{"Brand": "MI", "Model": "Mi Redmi 8 Phone (Sapphire Blue, 4GB RAM, 64GB Storage))", "stars": "1.0 out of 5 stars", "comment": "\n\n\n\n\n\n\n\n\n\n  \n  \n    \n  Guys after sell service is very bad. if go mi care they will charge 118 only to check what was the issue in device . which is very bad,  according to new surey mi redmi phones are last long only for 7-8 months after that it will not work fine.\n\n  \n"},
{"Brand": "MI", "Model": "Mi Redmi 8 Phone (Sapphire Blue, 4GB RAM, 64GB Storage))", "stars": "5.0 out of 5 stars", "comment": "\n\n\n\n\n\n\n\n\n\n  \n  \n    \n  Awesome performance beautiful design fall in love excellent Mobile battery back up 2 Days overall my rating out of 5star budget phone keep All buy this product\n\n  \n"},
{"Brand": "MI", "Model": "Mi Redmi 8 Phone (Sapphire Blue, 4GB RAM, 64GB Storage))", "stars": "4.0 out of 5 stars", "comment": "\n\n\n\n\n\n\n\n\n\n  \n  \n    \n  Best phone but color is not good. within 6 month of purchase. bace case leaves red color. very bad experience.\n\n  \n"},
{"Brand": "MI", "Model": "Mi Redmi 8 Phone (Sapphire Blue, 4GB RAM, 64GB Storage))", "stars": "5.0 out of 5 stars", "comment": "\n\n\n\n\n\n\n\n\n\n  \n  \n    \n  Redmi 8 Emerald Green 64GB 4 GB RAMmobile\n\n  \n"},
{"Brand": "MI", "Model": "Mi Redmi 8 Phone (Sapphire Blue, 4GB RAM, 64GB Storage))", "stars": "1.0 out of 5 stars", "comment": "\n\n\n\n\n\n\n\n\n\n  \n  \n    \n  Don't by this phone\n\n  \n"},
{"Brand": "MI", "Model": "Mi Redmi 8 Phone (Sapphire Blue, 4GB RAM, 64GB Storage))", "stars": "5.0 out of 5 stars", "comment": "\n\n\n\n\n\n\n\n\n\n  \n  \n    \n  Good value for money\n\n  \n"},
{"Brand": "MI", "Model": "Mi Redmi 8 Phone (Sapphire Blue, 4GB RAM, 64GB Storage))", "stars": "1.0 out of 5 stars", "comment": "\n\n\n\n\n\n\n\n\n\n  \n  \n    \n  Ordered a black color phone n got a blue one. Also phone is getting hanged after every call n could not disconnect the call.  Also after continous usage of 10-15 mins phone gives a black screen as output.\n\n  \n"},
{"Brand": "MI", "Model": "Mi Redmi 8 Phone (Sapphire Blue, 4GB RAM, 64GB Storage))", "stars": "5.0 out of 5 stars", "comment": "\n\n\n\n\n\n\n\n\n\n  \n  \n    \n  till now mobile is working as expected like fast operating anything and mobile charging coming more than 24 hours once fully charged, the Picture quality is very nice, I will give review again after 6months, Thank you MI and Amazon.\n\n  \n"},
{"Brand": "MI", "Model": "Mi Redmi 8 Phone (Sapphire Blue, 4GB RAM, 64GB Storage))", "stars": "1.0 out of 5 stars", "comment": "\n\n\n\n\n\n\n\n\n\n  \n  \n    \n  AMAZON I use fisrt time to order anything online ,but it's worst .. The delivery was on time and the product was looked correct but when we use it ..it was defective means no network connection after inserting the SIM card then we refund it and the delivery boy refuse to take it because the IMEI number was not matching..I'm so upset Yaar it's the worst I won't order anything on Amazon , The product is exchanged on the way and the refuse to take it back..plz reply and do something Amazon\n\n  \n"}
]