[
{"Brand": "OPPO", "Model": "OPPO A52 (Stream White, 8GB RAM, 128GB Storage)", "stars": "2.0 out of 5 stars", "comment": "\n\n\n\n\n\n\n\n\n\n  \n  \n    \n  how could you think , it can compete other brands by low photography where other brands comes with 48MP quad rear camera\n\n  \n"},
{"Brand": "OPPO", "Model": "OPPO A52 (Stream White, 8GB RAM, 128GB Storage)", "stars": "1.0 out of 5 stars", "comment": "\n\n\n\n\n\n\n\n\n\n  \n  \n    \n  Waste of money!!\n\n  \n"},
{"Brand": "OPPO", "Model": "OPPO A52 (Stream White, 8GB RAM, 128GB Storage)", "stars": "5.0 out of 5 stars", "comment": "\n\n\n\n\n\n\n\n\n\n  \n  \n    \n  Looking awesome... I purchased it for my younger brother He is very Happy to get this Phone..Nice and very fast delivery....I hope It's camera and performance will be good also...I will Review it again after someday of using it..\n\n  \n"},
{"Brand": "OPPO", "Model": "OPPO A52 (Stream White, 8GB RAM, 128GB Storage)", "stars": "3.0 out of 5 stars", "comment": "\n\n\n\n\n\n\n\n\n\n  \n  \n    \n  Good phone\n\n  \n"},
{"Brand": "OPPO", "Model": "OPPO A52 (Stream White, 8GB RAM, 128GB Storage)", "stars": "4.0 out of 5 stars", "comment": "\n\n\n\n\n\n\n\n\n\n  \n  \n    \n  Nice phone...but price little bit high\n\n  \n"},
{"Brand": "OPPO", "Model": "OPPO A52 (Stream White, 8GB RAM, 128GB Storage)", "stars": "4.0 out of 5 stars", "comment": "\n\n\n\n\n\n\n\n\n\n  \n  \n    \n  Chose this mobile because few others were having later delivery and our area was to go in for lockdown.Prime very fast delivery. Kudos to Amazon.About the mobile it's a good piece. But better to go for the 6 GB ram variant.Selfie camera outperforms the primary camera which is according to the specs.Overall a good decent mobile at the price point, considering all aspects.Pros at this price1. 6.5 inch full hd is good2. 128 GB internal memoryCons at this price1. Primary camera is actually bad2. 4gb ram, can't multitask.3. Snapdragon older.\n\n  \n"},
{"Brand": "OPPO", "Model": "OPPO A52 (Stream White, 8GB RAM, 128GB Storage)", "stars": "1.0 out of 5 stars", "comment": "\n\n\n\n\n\n\n\n\n\n  \n  \n    \n  Heating problem is thereVery bad Experience\n\n  \n"},
{"Brand": "OPPO", "Model": "OPPO A52 (Stream White, 8GB RAM, 128GB Storage)", "stars": "5.0 out of 5 stars", "comment": "\n\n\n\n\n\n\n\n\n\n  \n  \n    \n  Nice camera\n\n  \n"},
{"Brand": "OPPO", "Model": "OPPO A52 (Stream White, 8GB RAM, 128GB Storage)", "stars": "5.0 out of 5 stars", "comment": "\n\n\n\n\n\n\n\n\n\n  \n  \n    \n  Nice phone \ud83d\udc4d\n\n  \n"},
{"Brand": "OPPO", "Model": "OPPO A52 (Stream White, 8GB RAM, 128GB Storage)", "stars": "3.0 out of 5 stars", "comment": "\n\n\n\n\n\n\n\n\n\n  \n  \n    \n  This phone have no call recording function.\n\n  \n"}
]