[
{"Brand": "Vivo", "Model": "Vivo Y20i (Nebula Blue, 3GB RAM, 64GB Storage)", "stars": "5.0 out of 5 stars", "comment": "\n\n\n\n\n\n\n\n\n\n  \n  \n    \n  Vivo Y20i is one one the best phone under this price\u2665\ufe0f\ud83d\udc4c- well design and handy model- looks are really amazing \ud83d\ude09- Camara quality is good for this price- battery \ud83d\udd0b is amazing 5000Ah really high power- fingerprint is awesome really really super fast and easy to unlock because its given with power button-i loved this white colour is awesome i loved it-Over all really thanks to vivo for giving such a wonderful mobile in this price\u2665\ufe0f Thanks to amezon- blindly u can buy this \ud83d\udcf1 mobile\n\n  \n"},
{"Brand": "Vivo", "Model": "Vivo Y20i (Nebula Blue, 3GB RAM, 64GB Storage)", "stars": "4.0 out of 5 stars", "comment": "\n\n\n\n\n\n\n\n\n\n  \n  \n    \n  Good, I think it is better mobile than other mobiles in segment.\n\n  \n"},
{"Brand": "Vivo", "Model": "Vivo Y20i (Nebula Blue, 3GB RAM, 64GB Storage)", "stars": "4.0 out of 5 stars", "comment": "\n\n\n\n\n\n\n\n\n\n  \n  \n    \n  Overall a decent phone for basic users.\n\n  \n"},
{"Brand": "Vivo", "Model": "Vivo Y20i (Nebula Blue, 3GB RAM, 64GB Storage)", "stars": "3.0 out of 5 stars", "comment": "\n\n\n\n\n\n\n\n\n\n  \n  \n    \n  Charger is not type C. Also display is not upto the mark.\n\n  \n"},
{"Brand": "Vivo", "Model": "Vivo Y20i (Nebula Blue, 3GB RAM, 64GB Storage)", "stars": "5.0 out of 5 stars", "comment": "\n\n\n\n\n\n\n\n\n\n  \n  \n    \n  Product was as per expectations in a good packaging. Very satisfied performance at this reasonable cost. Thank you Amazon.\n\n  \n"},
{"Brand": "Vivo", "Model": "Vivo Y20i (Nebula Blue, 3GB RAM, 64GB Storage)", "stars": "5.0 out of 5 stars", "comment": "\n\n\n\n\n\n\n\n\n\n  \n  \n    \n  I like all the things and specially game mode and fastest phone in this range hatts off this phone but back side camera is not satisfying me but front is amazing.\n\n  \n"},
{"Brand": "Vivo", "Model": "Vivo Y20i (Nebula Blue, 3GB RAM, 64GB Storage)", "stars": "5.0 out of 5 stars", "comment": "\n\n\n\n\n\n\n\n\n\n  \n  \n    \n  I love this \u2764\ufe0f mobile because it's designed so good \ud83e\udd29\ud83e\udd29 and performance is also  good \u263a\ufe0f but phone charger is so slow \ud83d\ude23 \ud83d\ude11 but overall phone is so good \ud83d\udc4c\n\n  \n"},
{"Brand": "Vivo", "Model": "Vivo Y20i (Nebula Blue, 3GB RAM, 64GB Storage)", "stars": "5.0 out of 5 stars", "comment": "\n\n\n\n\n\n\n\n\n\n  \n  \n    \n  This is the best phone you can get for this price.\n\n  \n"},
{"Brand": "Vivo", "Model": "Vivo Y20i (Nebula Blue, 3GB RAM, 64GB Storage)", "stars": "5.0 out of 5 stars", "comment": "\n\n\n\n\n\n\n\n\n\n  \n  \n    \n  Good\n\n  \n"},
{"Brand": "Vivo", "Model": "Vivo Y20i (Nebula Blue, 3GB RAM, 64GB Storage)", "stars": "5.0 out of 5 stars", "comment": "\n\n\n\n\n\n\n\n\n\n  \n  \n    \n  Nice worth for money... Next day delivery amazing...\n\n  \n"}
]