[
{"Brand": "Vivo", "Model": "Vivo Y20 (Obsidian Black, 4GB RAM, 64GB Storage)", "stars": "1.0 out of 5 stars", "comment": "\n\n\n\n\n\n\n\n\n\n  \n  \n    \n  Even after charge phone ....its not responding.....kindly replace this on a immediate basis or refund it asap\n\n  \n"},
{"Brand": "Vivo", "Model": "Vivo Y20 (Obsidian Black, 4GB RAM, 64GB Storage)", "stars": "3.0 out of 5 stars", "comment": "\n\n\n\n\n\n\n\n\n\n  \n  \n    \n  This is best phon but camera quality is not too good\n\n  \n"},
{"Brand": "Vivo", "Model": "Vivo Y20 (Obsidian Black, 4GB RAM, 64GB Storage)", "stars": "5.0 out of 5 stars", "comment": "\n\n\n\n\n\n\n\n\n\n  \n  \n    \n  I am totally satisfied with this product It is good value product and Amazon delivered it in time with proper packing. I am happy.\n\n  \n"},
{"Brand": "Vivo", "Model": "Vivo Y20 (Obsidian Black, 4GB RAM, 64GB Storage)", "stars": "1.0 out of 5 stars", "comment": "\n\n\n\n\n\n\n\n\n\n  \n  \n    \n  Nice\n\n  \n"},
{"Brand": "Vivo", "Model": "Vivo Y20 (Obsidian Black, 4GB RAM, 64GB Storage)", "stars": "4.0 out of 5 stars", "comment": "\n\n\n\n\n\n\n\n\n\n  \n  \n    \n  My money no less\n\n  \n"},
{"Brand": "Vivo", "Model": "Vivo Y20 (Obsidian Black, 4GB RAM, 64GB Storage)", "stars": "1.0 out of 5 stars", "comment": "\n\n\n\n\n\n\n\n\n\n  \n  \n    \n  Too bad phone please don't buy in this price u can get better camara\n\n  \n"},
{"Brand": "Vivo", "Model": "Vivo Y20 (Obsidian Black, 4GB RAM, 64GB Storage)", "stars": "5.0 out of 5 stars", "comment": "\n\n\n\n\n\n\n\n\n\n  \n  \n    \n  OK\n\n  \n"},
{"Brand": "Vivo", "Model": "Vivo Y20 (Obsidian Black, 4GB RAM, 64GB Storage)", "stars": "5.0 out of 5 stars", "comment": "\n\n\n\n\n\n\n\n\n\n  \n  \n    \n  Super and very good mobilegood\n\n  \n"},
{"Brand": "Vivo", "Model": "Vivo Y20 (Obsidian Black, 4GB RAM, 64GB Storage)", "stars": "2.0 out of 5 stars", "comment": "\n\n\n\n\n\n\n\n\n\n  \n  \n    \n  Disappointed totally with camera and display. watching youtube videos was pathetic. Rest of the features are ok.4GB/64GB, 5000mah, side finger print are the saving grace. Otherwise didnt expect this from vivo at this price!.Dont buy this spend another 1000rs and go for many other better phones out there.\n\n  \n"},
{"Brand": "Vivo", "Model": "Vivo Y20 (Obsidian Black, 4GB RAM, 64GB Storage)", "stars": "1.0 out of 5 stars", "comment": "\n\n\n\n\n\n\n\n\n\n  \n  \n    \n  In 10 days display is blank and battery over heat no response from service center when we request for replacement......really very panic when we put this much of price cant they treat properly this product i personally requesting all dont choose this brand...Because i dont want see the others to struggle like me....very worst\n\n  \n"}
]