[
{"Brand": "MI", "Model": "Mi Xiaomi MI Redmi Note 7S 4GB/64 GB Moonlight White Smartphone", "stars": "5.0 out of 5 stars", "comment": "\n\n\n\n\n\n\n\n\n\n  \n  \n    \n  Amazing...\n\n  \n"},
{"Brand": "MI", "Model": "Mi Xiaomi MI Redmi Note 7S 4GB/64 GB Moonlight White Smartphone", "stars": "5.0 out of 5 stars", "comment": "\n\n\n\n\n\n\n\n\n\n  \n  \n    \n  Very good phone Worth the price ..\n\n  \n"},
{"Brand": "MI", "Model": "Mi Xiaomi MI Redmi Note 7S 4GB/64 GB Moonlight White Smartphone", "stars": "3.0 out of 5 stars", "comment": "\n\n\n\n\n\n\n\n\n\n  \n  \n    \n  Not upto the mark\n\n  \n"},
{"Brand": "MI", "Model": "Mi Xiaomi MI Redmi Note 7S 4GB/64 GB Moonlight White Smartphone", "stars": "5.0 out of 5 stars", "comment": "\n\n\n\n\n\n\n\n\n\n  \n  \n    \n  Good phone for the price. Processor is good as well\n\n  \n"},
{"Brand": "MI", "Model": "Mi Xiaomi MI Redmi Note 7S 4GB/64 GB Moonlight White Smartphone", "stars": "5.0 out of 5 stars", "comment": "\n\n\n\n\n\n\n\n\n\n  \n  \n    \n  Perfect\ud83d\udcaf\u2728\n\n  \n"},
{"Brand": "MI", "Model": "Mi Xiaomi MI Redmi Note 7S 4GB/64 GB Moonlight White Smartphone", "stars": "5.0 out of 5 stars", "comment": "\n\n\n\n\n\n\n\n\n\n  \n  \n    \n  Goood\n\n  \n"},
{"Brand": "MI", "Model": "Mi Xiaomi MI Redmi Note 7S 4GB/64 GB Moonlight White Smartphone", "stars": "5.0 out of 5 stars", "comment": "\n\n\n\n\n\n\n\n\n\n  \n  \n    \n  Lovely\n\n  \n"},
{"Brand": "MI", "Model": "Mi Xiaomi MI Redmi Note 7S 4GB/64 GB Moonlight White Smartphone", "stars": "5.0 out of 5 stars", "comment": "\n\n\n\n\n\n\n\n\n\n  \n  \n    \n  Awesome product\n\n  \n"},
{"Brand": "MI", "Model": "Mi Xiaomi MI Redmi Note 7S 4GB/64 GB Moonlight White Smartphone", "stars": "5.0 out of 5 stars", "comment": "\n\n\n\n\n\n\n\n\n\n  \n  \n    \n  Very good product\n\n  \n"},
{"Brand": "MI", "Model": "Mi Xiaomi MI Redmi Note 7S 4GB/64 GB Moonlight White Smartphone", "stars": "5.0 out of 5 stars", "comment": "\n\n\n\n\n\n\n\n\n\n  \n  \n    \n  Very nice\n\n  \n"}
]