[
{"Brand": "Vivo", "Model": "Vivo S1 (Skyline Blue, 6GB RAM, 64GB Storage)", "stars": "5.0 out of 5 stars", "comment": "\n\n\n\n\n\n\n\n\n\n  \n  \n    \n  Mobile looking is good. But some what slow the mobile. Once open mobile not installed any app.  But hanging. Will see any updates come in future. My rating given 5 for design and always on display option.\n\n  \n"},
{"Brand": "Vivo", "Model": "Vivo S1 (Skyline Blue, 6GB RAM, 64GB Storage)", "stars": "4.0 out of 5 stars", "comment": "\n\n\n\n\n\n\n\n\n\n  \n  \n    \n  front camera awesomerear camera good and better in sunlightbattery back awesome with 4500 mahawesome designawesome black with blue graphicsfast charging good4 gb 128 gb still no laggingheadphone good8 out of 10must go for it\n\n  \n"},
{"Brand": "Vivo", "Model": "Vivo S1 (Skyline Blue, 6GB RAM, 64GB Storage)", "stars": "5.0 out of 5 stars", "comment": "\n\n\n\n\n\n\n\n\n\n  \n  \n    \n  I love s1\n\n  \n"},
{"Brand": "Vivo", "Model": "Vivo S1 (Skyline Blue, 6GB RAM, 64GB Storage)", "stars": "1.0 out of 5 stars", "comment": "\n\n\n\n\n\n\n\n\n\n  \n  \n    \n  \ud83d\udcf7 camera is not good back camera and not front flash\n\n  \n"},
{"Brand": "Vivo", "Model": "Vivo S1 (Skyline Blue, 6GB RAM, 64GB Storage)", "stars": "4.0 out of 5 stars", "comment": "\n\n\n\n\n\n\n\n\n\n  \n  \n    \n  Nice Product and on time delivery as well.\n\n  \n"},
{"Brand": "Vivo", "Model": "Vivo S1 (Skyline Blue, 6GB RAM, 64GB Storage)", "stars": "5.0 out of 5 stars", "comment": "\n\n\n\n\n\n\n\n\n\n  \n  \n    \n  5 star for camera5 star for finger print lock system4 star for processor p655 star for beautiful design  But my delivery attempted second time. 3 star for late delivery\n\n  \n"},
{"Brand": "Vivo", "Model": "Vivo S1 (Skyline Blue, 6GB RAM, 64GB Storage)", "stars": "5.0 out of 5 stars", "comment": "\n\n\n\n\n\n\n\n\n\n  \n  \n    \n  Hands up.\n\n  \n"},
{"Brand": "Vivo", "Model": "Vivo S1 (Skyline Blue, 6GB RAM, 64GB Storage)", "stars": "3.0 out of 5 stars", "comment": "\n\n\n\n\n\n\n\n\n\n  \n  \n    \n  Speaker quality is 3rd class\n\n  \n"},
{"Brand": "Vivo", "Model": "Vivo S1 (Skyline Blue, 6GB RAM, 64GB Storage)", "stars": "1.0 out of 5 stars", "comment": "\n\n\n\n\n\n\n\n\n\n  \n  \n    \n  Frequent call drop issue in this phone. Please  don't buy this phone. Also while typing a text space doesn't work at once we need to tap twice on space\n\n  \n"},
{"Brand": "Vivo", "Model": "Vivo S1 (Skyline Blue, 6GB RAM, 64GB Storage)", "stars": "4.0 out of 5 stars", "comment": "\n\n\n\n\n\n\n\n\n\n  \n  \n    \n  All is goods but only camera quality  is little poor\n\n  \n"}
]